{"train_loss":2.332456588745117,"train_accuracy":0.09375,"_timestamp":1.761146251464705e+09,"_step":0,"_wandb":{"runtime":2},"_runtime":2}